co_p,crossover,elitism,gens,mu_p,select,fitness,popsize
0.1,cycle_co,True,100,0.1,tournament,25693,100
0.1,cycle_co,True,100,0.1,rank,23063,100
0.1,cycle_co,True,100,0.3,tournament,22928,100
0.1,cycle_co,True,100,0.3,rank,22928,100
0.1,cycle_co,True,100,0.5,tournament,22928,100
0.1,cycle_co,True,100,0.5,rank,22928,100
0.1,cycle_co,True,100,0.7,tournament,22928,100
0.1,cycle_co,True,100,0.7,rank,22928,100
0.1,cycle_co,True,100,0.9,tournament,22928,100
0.1,cycle_co,True,100,0.9,rank,22928,100
0.1,cycle_co,True,400,0.1,tournament,22928,100
0.1,cycle_co,True,400,0.1,rank,19112,100
0.1,cycle_co,True,400,0.3,tournament,19112,100
0.1,cycle_co,True,400,0.3,rank,19112,100
0.1,cycle_co,True,400,0.5,tournament,19112,100
0.1,cycle_co,True,400,0.5,rank,19112,100
0.1,cycle_co,True,400,0.7,tournament,19112,100
0.1,cycle_co,True,400,0.7,rank,19112,100
0.1,cycle_co,True,400,0.9,tournament,19112,100
0.1,cycle_co,True,400,0.9,rank,19112,100
0.1,cycle_co,True,700,0.1,tournament,19112,100
0.1,cycle_co,True,700,0.1,rank,15433,100
0.1,cycle_co,True,700,0.3,tournament,15424,100
0.1,cycle_co,True,700,0.3,rank,15424,100
0.1,cycle_co,True,700,0.5,tournament,15424,100
0.1,cycle_co,True,700,0.5,rank,15424,100
0.1,cycle_co,True,700,0.7,tournament,15424,100
0.1,cycle_co,True,700,0.7,rank,15424,100
0.1,cycle_co,True,700,0.9,tournament,15424,100
0.1,cycle_co,True,700,0.9,rank,15424,100
0.1,cycle_co,True,1000,0.1,tournament,15424,100
0.1,cycle_co,True,1000,0.1,rank,15424,100
0.1,cycle_co,True,1000,0.3,tournament,15424,100
0.1,cycle_co,True,1000,0.3,rank,15424,100
0.1,cycle_co,True,1000,0.5,tournament,15424,100
0.1,cycle_co,True,1000,0.5,rank,15424,100
0.1,cycle_co,True,1000,0.7,tournament,15424,100
0.1,cycle_co,True,1000,0.7,rank,15424,100
0.1,cycle_co,True,1000,0.9,tournament,15424,100
0.1,cycle_co,True,1000,0.9,rank,15424,100
0.1,cycle_co,False,100,0.1,tournament,25412,100
0.1,cycle_co,False,100,0.1,rank,23176,100
0.1,cycle_co,False,100,0.3,tournament,30701,100
0.1,cycle_co,False,100,0.3,rank,27077,100
0.1,cycle_co,False,100,0.5,tournament,32332,100
0.1,cycle_co,False,100,0.5,rank,27295,100
0.1,cycle_co,False,100,0.7,tournament,28810,100
0.1,cycle_co,False,100,0.7,rank,28828,100
0.1,cycle_co,False,100,0.9,tournament,30513,100
0.1,cycle_co,False,100,0.9,rank,30223,100
0.1,cycle_co,False,400,0.1,tournament,26996,100
0.1,cycle_co,False,400,0.1,rank,20565,100
0.1,cycle_co,False,400,0.3,tournament,29859,100
0.1,cycle_co,False,400,0.3,rank,24284,100
0.1,cycle_co,False,400,0.5,tournament,31977,100
0.1,cycle_co,False,400,0.5,rank,28865,100
0.1,cycle_co,False,400,0.7,tournament,32000,100
0.1,cycle_co,False,400,0.7,rank,29420,100
0.1,cycle_co,False,400,0.9,tournament,33842,100
0.1,cycle_co,False,400,0.9,rank,29053,100
0.1,cycle_co,False,700,0.1,tournament,26523,100
0.1,cycle_co,False,700,0.1,rank,18005,100
0.1,cycle_co,False,700,0.3,tournament,30723,100
0.1,cycle_co,False,700,0.3,rank,24609,100
0.1,cycle_co,False,700,0.5,tournament,30244,100
0.1,cycle_co,False,700,0.5,rank,26519,100
0.1,cycle_co,False,700,0.7,tournament,30809,100
0.1,cycle_co,False,700,0.7,rank,28770,100
0.1,cycle_co,False,700,0.9,tournament,32373,100
0.1,cycle_co,False,700,0.9,rank,29960,100
0.1,cycle_co,False,1000,0.1,tournament,28088,100
0.1,cycle_co,False,1000,0.1,rank,17077,100
0.1,cycle_co,False,1000,0.3,tournament,29138,100
0.1,cycle_co,False,1000,0.3,rank,24505,100
0.1,cycle_co,False,1000,0.5,tournament,29884,100
0.1,cycle_co,False,1000,0.5,rank,28356,100
0.1,cycle_co,False,1000,0.7,tournament,30415,100
0.1,cycle_co,False,1000,0.7,rank,29900,100
0.1,cycle_co,False,1000,0.9,tournament,32747,100
0.1,cycle_co,False,1000,0.9,rank,29427,100
0.1,pmx_co,True,100,0.1,tournament,25275,100
0.1,pmx_co,True,100,0.1,rank,22983,100
0.1,pmx_co,True,100,0.3,tournament,22974,100
0.1,pmx_co,True,100,0.3,rank,22974,100
0.1,pmx_co,True,100,0.5,tournament,22974,100
0.1,pmx_co,True,100,0.5,rank,22974,100
0.1,pmx_co,True,100,0.7,tournament,22974,100
0.1,pmx_co,True,100,0.7,rank,22974,100
0.1,pmx_co,True,100,0.9,tournament,22974,100
0.1,pmx_co,True,100,0.9,rank,22974,100
0.1,pmx_co,True,400,0.1,tournament,22974,100
0.1,pmx_co,True,400,0.1,rank,19378,100
0.1,pmx_co,True,400,0.3,tournament,19378,100
0.1,pmx_co,True,400,0.3,rank,19378,100
0.1,pmx_co,True,400,0.5,tournament,19378,100
0.1,pmx_co,True,400,0.5,rank,19378,100
0.1,pmx_co,True,400,0.7,tournament,19378,100
0.1,pmx_co,True,400,0.7,rank,19378,100
0.1,pmx_co,True,400,0.9,tournament,19378,100
0.1,pmx_co,True,400,0.9,rank,19378,100
0.1,pmx_co,True,700,0.1,tournament,19378,100
0.1,pmx_co,True,700,0.1,rank,16217,100
0.1,pmx_co,True,700,0.3,tournament,16196,100
0.1,pmx_co,True,700,0.3,rank,16196,100
0.1,pmx_co,True,700,0.5,tournament,16196,100
0.1,pmx_co,True,700,0.5,rank,16196,100
0.1,pmx_co,True,700,0.7,tournament,16196,100
0.1,pmx_co,True,700,0.7,rank,16196,100
0.1,pmx_co,True,700,0.9,tournament,16196,100
0.1,pmx_co,True,700,0.9,rank,16196,100
0.1,pmx_co,True,1000,0.1,tournament,16196,100
0.1,pmx_co,True,1000,0.1,rank,15576,100
0.1,pmx_co,True,1000,0.3,tournament,15576,100
0.1,pmx_co,True,1000,0.3,rank,15576,100
0.1,pmx_co,True,1000,0.5,tournament,15576,100
0.1,pmx_co,True,1000,0.5,rank,15576,100
0.1,pmx_co,True,1000,0.7,tournament,15576,100
0.1,pmx_co,True,1000,0.7,rank,15576,100
0.1,pmx_co,True,1000,0.9,tournament,15576,100
0.1,pmx_co,True,1000,0.9,rank,15576,100
0.1,pmx_co,False,100,0.1,tournament,27146,100
0.1,pmx_co,False,100,0.1,rank,24404,100
0.1,pmx_co,False,100,0.3,tournament,30912,100
0.1,pmx_co,False,100,0.3,rank,27620,100
0.1,pmx_co,False,100,0.5,tournament,29372,100
0.1,pmx_co,False,100,0.5,rank,29162,100
0.1,pmx_co,False,100,0.7,tournament,31790,100
0.1,pmx_co,False,100,0.7,rank,29587,100
0.1,pmx_co,False,100,0.9,tournament,33871,100
0.1,pmx_co,False,100,0.9,rank,30195,100
0.1,pmx_co,False,400,0.1,tournament,27546,100
0.1,pmx_co,False,400,0.1,rank,21231,100
0.1,pmx_co,False,400,0.3,tournament,30538,100
0.1,pmx_co,False,400,0.3,rank,27042,100
0.1,pmx_co,False,400,0.5,tournament,30267,100
0.1,pmx_co,False,400,0.5,rank,28903,100
0.1,pmx_co,False,400,0.7,tournament,30896,100
0.1,pmx_co,False,400,0.7,rank,29947,100
0.1,pmx_co,False,400,0.9,tournament,31148,100
0.1,pmx_co,False,400,0.9,rank,30412,100
0.1,pmx_co,False,700,0.1,tournament,26633,100
0.1,pmx_co,False,700,0.1,rank,19545,100
0.1,pmx_co,False,700,0.3,tournament,27680,100
0.1,pmx_co,False,700,0.3,rank,26479,100
0.1,pmx_co,False,700,0.5,tournament,31929,100
0.1,pmx_co,False,700,0.5,rank,28615,100
0.1,pmx_co,False,700,0.7,tournament,30933,100
0.1,pmx_co,False,700,0.7,rank,30435,100
0.1,pmx_co,False,700,0.9,tournament,29935,100
0.1,pmx_co,False,700,0.9,rank,30125,100
0.1,pmx_co,False,1000,0.1,tournament,28797,100
0.1,pmx_co,False,1000,0.1,rank,18999,100
0.1,pmx_co,False,1000,0.3,tournament,30058,100
0.1,pmx_co,False,1000,0.3,rank,26882,100
0.1,pmx_co,False,1000,0.5,tournament,29149,100
0.1,pmx_co,False,1000,0.5,rank,28773,100
0.1,pmx_co,False,1000,0.7,tournament,31290,100
0.1,pmx_co,False,1000,0.7,rank,28725,100
0.1,pmx_co,False,1000,0.9,tournament,30373,100
0.1,pmx_co,False,1000,0.9,rank,31090,100
0.3,cycle_co,True,100,0.1,tournament,23149,100
0.3,cycle_co,True,100,0.1,rank,20084,100
0.3,cycle_co,True,100,0.3,tournament,19120,100
0.3,cycle_co,True,100,0.3,rank,18015,100
0.3,cycle_co,True,100,0.5,tournament,17906,100
0.3,cycle_co,True,100,0.5,rank,17906,100
0.3,cycle_co,True,100,0.7,tournament,17906,100
0.3,cycle_co,True,100,0.7,rank,17906,100
0.3,cycle_co,True,100,0.9,tournament,17906,100
0.3,cycle_co,True,100,0.9,rank,17906,100
0.3,cycle_co,True,400,0.1,tournament,15038,100
0.3,cycle_co,True,400,0.1,rank,12849,100
0.3,cycle_co,True,400,0.3,tournament,12816,100
0.3,cycle_co,True,400,0.3,rank,12816,100
0.3,cycle_co,True,400,0.5,tournament,12816,100
0.3,cycle_co,True,400,0.5,rank,12816,100
0.3,cycle_co,True,400,0.7,tournament,12816,100
0.3,cycle_co,True,400,0.7,rank,12816,100
0.3,cycle_co,True,400,0.9,tournament,12816,100
0.3,cycle_co,True,400,0.9,rank,12816,100
0.3,cycle_co,True,700,0.1,tournament,12056,100
0.3,cycle_co,True,700,0.1,rank,11055,100
0.3,cycle_co,True,700,0.3,tournament,11055,100
0.3,cycle_co,True,700,0.3,rank,11055,100
0.3,cycle_co,True,700,0.5,tournament,11055,100
0.3,cycle_co,True,700,0.5,rank,11055,100
0.3,cycle_co,True,700,0.7,tournament,11055,100
0.3,cycle_co,True,700,0.7,rank,11055,100
0.3,cycle_co,True,700,0.9,tournament,11055,100
0.3,cycle_co,True,700,0.9,rank,11055,100
0.3,cycle_co,True,1000,0.1,tournament,10494,100
0.3,cycle_co,True,1000,0.1,rank,9870,100
0.3,cycle_co,True,1000,0.3,tournament,9870,100
0.3,cycle_co,True,1000,0.3,rank,9870,100
0.3,cycle_co,True,1000,0.5,tournament,9870,100
0.3,cycle_co,True,1000,0.5,rank,9870,100
0.3,cycle_co,True,1000,0.7,tournament,9870,100
0.3,cycle_co,True,1000,0.7,rank,9870,100
0.3,cycle_co,True,1000,0.9,tournament,9870,100
0.3,cycle_co,True,1000,0.9,rank,9870,100
0.3,cycle_co,False,100,0.1,tournament,10375,100
0.3,cycle_co,False,100,0.1,rank,10259,100
0.3,cycle_co,False,100,0.3,tournament,13856,100
0.3,cycle_co,False,100,0.3,rank,13427,100
0.3,cycle_co,False,100,0.5,tournament,21734,100
0.3,cycle_co,False,100,0.5,rank,19275,100
0.3,cycle_co,False,100,0.7,tournament,24426,100
0.3,cycle_co,False,100,0.7,rank,21904,100
0.3,cycle_co,False,100,0.9,tournament,26016,100
0.3,cycle_co,False,100,0.9,rank,24834,100
0.3,cycle_co,False,400,0.1,tournament,15627,100
0.3,cycle_co,False,400,0.1,rank,13813,100
0.3,cycle_co,False,400,0.3,tournament,20133,100
0.3,cycle_co,False,400,0.3,rank,15827,100
0.3,cycle_co,False,400,0.5,tournament,22381,100
0.3,cycle_co,False,400,0.5,rank,19535,100
0.3,cycle_co,False,400,0.7,tournament,26547,100
0.3,cycle_co,False,400,0.7,rank,20539,100
0.3,cycle_co,False,400,0.9,tournament,26313,100
0.3,cycle_co,False,400,0.9,rank,23394,100
0.3,cycle_co,False,700,0.1,tournament,13977,100
0.3,cycle_co,False,700,0.1,rank,12243,100
0.3,cycle_co,False,700,0.3,tournament,19938,100
0.3,cycle_co,False,700,0.3,rank,15536,100
0.3,cycle_co,False,700,0.5,tournament,22992,100
0.3,cycle_co,False,700,0.5,rank,18555,100
0.3,cycle_co,False,700,0.7,tournament,25603,100
0.3,cycle_co,False,700,0.7,rank,20305,100
0.3,cycle_co,False,700,0.9,tournament,26500,100
0.3,cycle_co,False,700,0.9,rank,23098,100
0.3,cycle_co,False,1000,0.1,tournament,12503,100
0.3,cycle_co,False,1000,0.1,rank,10619,100
0.3,cycle_co,False,1000,0.3,tournament,19361,100
0.3,cycle_co,False,1000,0.3,rank,14045,100
0.3,cycle_co,False,1000,0.5,tournament,23919,100
0.3,cycle_co,False,1000,0.5,rank,17652,100
0.3,cycle_co,False,1000,0.7,tournament,24897,100
0.3,cycle_co,False,1000,0.7,rank,20910,100
0.3,cycle_co,False,1000,0.9,tournament,26759,100
0.3,cycle_co,False,1000,0.9,rank,23458,100
0.3,pmx_co,True,100,0.1,tournament,18628,100
0.3,pmx_co,True,100,0.1,rank,16802,100
0.3,pmx_co,True,100,0.3,tournament,16647,100
0.3,pmx_co,True,100,0.3,rank,16647,100
0.3,pmx_co,True,100,0.5,tournament,16647,100
0.3,pmx_co,True,100,0.5,rank,16647,100
0.3,pmx_co,True,100,0.7,tournament,16647,100
0.3,pmx_co,True,100,0.7,rank,16647,100
0.3,pmx_co,True,100,0.9,tournament,16647,100
0.3,pmx_co,True,100,0.9,rank,16647,100
0.3,pmx_co,True,400,0.1,tournament,13887,100
0.3,pmx_co,True,400,0.1,rank,12306,100
0.3,pmx_co,True,400,0.3,tournament,12146,100
0.3,pmx_co,True,400,0.3,rank,12146,100
0.3,pmx_co,True,400,0.5,tournament,12146,100
0.3,pmx_co,True,400,0.5,rank,12146,100
0.3,pmx_co,True,400,0.7,tournament,12146,100
0.3,pmx_co,True,400,0.7,rank,12146,100
0.3,pmx_co,True,400,0.9,tournament,12146,100
0.3,pmx_co,True,400,0.9,rank,12146,100
0.3,pmx_co,True,700,0.1,tournament,10564,100
0.3,pmx_co,True,700,0.1,rank,9533,100
0.3,pmx_co,True,700,0.3,tournament,9516,100
0.3,pmx_co,True,700,0.3,rank,9516,100
0.3,pmx_co,True,700,0.5,tournament,9516,100
0.3,pmx_co,True,700,0.5,rank,9516,100
0.3,pmx_co,True,700,0.7,tournament,9516,100
0.3,pmx_co,True,700,0.7,rank,9516,100
0.3,pmx_co,True,700,0.9,tournament,9516,100
0.3,pmx_co,True,700,0.9,rank,9516,100
0.3,pmx_co,True,1000,0.1,tournament,8654,100
0.3,pmx_co,True,1000,0.1,rank,8188,100
0.3,pmx_co,True,1000,0.3,tournament,8172,100
0.3,pmx_co,True,1000,0.3,rank,8172,100
0.3,pmx_co,True,1000,0.5,tournament,8172,100
0.3,pmx_co,True,1000,0.5,rank,8172,100
0.3,pmx_co,True,1000,0.7,tournament,8172,100
0.3,pmx_co,True,1000,0.7,rank,8172,100
0.3,pmx_co,True,1000,0.9,tournament,8172,100
0.3,pmx_co,True,1000,0.9,rank,8172,100
0.3,pmx_co,False,100,0.1,tournament,9276,100
0.3,pmx_co,False,100,0.1,rank,9113,100
0.3,pmx_co,False,100,0.3,tournament,12416,100
0.3,pmx_co,False,100,0.3,rank,12700,100
0.3,pmx_co,False,100,0.5,tournament,21248,100
0.3,pmx_co,False,100,0.5,rank,21647,100
0.3,pmx_co,False,100,0.7,tournament,24871,100
0.3,pmx_co,False,100,0.7,rank,25851,100
0.3,pmx_co,False,100,0.9,tournament,27592,100
0.3,pmx_co,False,100,0.9,rank,27864,100
0.3,pmx_co,False,400,0.1,tournament,16976,100
0.3,pmx_co,False,400,0.1,rank,14702,100
0.3,pmx_co,False,400,0.3,tournament,18241,100
0.3,pmx_co,False,400,0.3,rank,15988,100
0.3,pmx_co,False,400,0.5,tournament,23234,100
0.3,pmx_co,False,400,0.5,rank,23554,100
0.3,pmx_co,False,400,0.7,tournament,23707,100
0.3,pmx_co,False,400,0.7,rank,24702,100
0.3,pmx_co,False,400,0.9,tournament,25890,100
0.3,pmx_co,False,400,0.9,rank,27650,100
0.3,pmx_co,False,700,0.1,tournament,13521,100
0.3,pmx_co,False,700,0.1,rank,11757,100
0.3,pmx_co,False,700,0.3,tournament,18018,100
0.3,pmx_co,False,700,0.3,rank,15197,100
0.3,pmx_co,False,700,0.5,tournament,24962,100
0.3,pmx_co,False,700,0.5,rank,21537,100
0.3,pmx_co,False,700,0.7,tournament,25115,100
0.3,pmx_co,False,700,0.7,rank,25176,100
0.3,pmx_co,False,700,0.9,tournament,26158,100
0.3,pmx_co,False,700,0.9,rank,27840,100
0.3,pmx_co,False,1000,0.1,tournament,13427,100
0.3,pmx_co,False,1000,0.1,rank,11227,100
0.3,pmx_co,False,1000,0.3,tournament,19696,100
0.3,pmx_co,False,1000,0.3,rank,16536,100
0.3,pmx_co,False,1000,0.5,tournament,23059,100
0.3,pmx_co,False,1000,0.5,rank,21890,100
0.3,pmx_co,False,1000,0.7,tournament,25470,100
0.3,pmx_co,False,1000,0.7,rank,23679,100
0.3,pmx_co,False,1000,0.9,tournament,27741,100
0.3,pmx_co,False,1000,0.9,rank,27224,100
0.5,cycle_co,True,100,0.1,tournament,21004,100
0.5,cycle_co,True,100,0.1,rank,19341,100
0.5,cycle_co,True,100,0.3,tournament,16251,100
0.5,cycle_co,True,100,0.3,rank,14803,100
0.5,cycle_co,True,100,0.5,tournament,14573,100
0.5,cycle_co,True,100,0.5,rank,13749,100
0.5,cycle_co,True,100,0.7,tournament,13692,100
0.5,cycle_co,True,100,0.7,rank,13692,100
0.5,cycle_co,True,100,0.9,tournament,13692,100
0.5,cycle_co,True,100,0.9,rank,13692,100
0.5,cycle_co,True,400,0.1,tournament,12711,100
0.5,cycle_co,True,400,0.1,rank,11419,100
0.5,cycle_co,True,400,0.3,tournament,10639,100
0.5,cycle_co,True,400,0.3,rank,10155,100
0.5,cycle_co,True,400,0.5,tournament,10137,100
0.5,cycle_co,True,400,0.5,rank,10137,100
0.5,cycle_co,True,400,0.7,tournament,10137,100
0.5,cycle_co,True,400,0.7,rank,10137,100
0.5,cycle_co,True,400,0.9,tournament,10137,100
0.5,cycle_co,True,400,0.9,rank,10137,100
0.5,cycle_co,True,700,0.1,tournament,10137,100
0.5,cycle_co,True,700,0.1,rank,9071,100
0.5,cycle_co,True,700,0.3,tournament,8337,100
0.5,cycle_co,True,700,0.3,rank,8030,100
0.5,cycle_co,True,700,0.5,tournament,8026,100
0.5,cycle_co,True,700,0.5,rank,8026,100
0.5,cycle_co,True,700,0.7,tournament,8026,100
0.5,cycle_co,True,700,0.7,rank,8026,100
0.5,cycle_co,True,700,0.9,tournament,8026,100
0.5,cycle_co,True,700,0.9,rank,8026,100
0.5,cycle_co,True,1000,0.1,tournament,8026,100
0.5,cycle_co,True,1000,0.1,rank,7931,100
0.5,cycle_co,True,1000,0.3,tournament,7490,100
0.5,cycle_co,True,1000,0.3,rank,7339,100
0.5,cycle_co,True,1000,0.5,tournament,7339,100
0.5,cycle_co,True,1000,0.5,rank,7339,100
0.5,cycle_co,True,1000,0.7,tournament,7339,100
0.5,cycle_co,True,1000,0.7,rank,7339,100
0.5,cycle_co,True,1000,0.9,tournament,7339,100
0.5,cycle_co,True,1000,0.9,rank,7339,100
0.5,cycle_co,False,100,0.1,tournament,7899,100
0.5,cycle_co,False,100,0.1,rank,7885,100
0.5,cycle_co,False,100,0.3,tournament,7714,100
0.5,cycle_co,False,100,0.3,rank,7685,100
0.5,cycle_co,False,100,0.5,tournament,10712,100
0.5,cycle_co,False,100,0.5,rank,10827,100
0.5,cycle_co,False,100,0.7,tournament,13804,100
0.5,cycle_co,False,100,0.7,rank,13269,100
0.5,cycle_co,False,100,0.9,tournament,18307,100
0.5,cycle_co,False,100,0.9,rank,17433,100
0.5,cycle_co,False,400,0.1,tournament,12342,100
0.5,cycle_co,False,400,0.1,rank,11071,100
0.5,cycle_co,False,400,0.3,tournament,9969,100
0.5,cycle_co,False,400,0.3,rank,9680,100
0.5,cycle_co,False,400,0.5,tournament,11743,100
0.5,cycle_co,False,400,0.5,rank,11375,100
0.5,cycle_co,False,400,0.7,tournament,17748,100
0.5,cycle_co,False,400,0.7,rank,15027,100
0.5,cycle_co,False,400,0.9,tournament,21322,100
0.5,cycle_co,False,400,0.9,rank,17529,100
0.5,cycle_co,False,700,0.1,tournament,11926,100
0.5,cycle_co,False,700,0.1,rank,10566,100
0.5,cycle_co,False,700,0.3,tournament,9517,100
0.5,cycle_co,False,700,0.3,rank,9087,100
0.5,cycle_co,False,700,0.5,tournament,13174,100
0.5,cycle_co,False,700,0.5,rank,11798,100
0.5,cycle_co,False,700,0.7,tournament,17884,100
0.5,cycle_co,False,700,0.7,rank,15834,100
0.5,cycle_co,False,700,0.9,tournament,20839,100
0.5,cycle_co,False,700,0.9,rank,16987,100
0.5,cycle_co,False,1000,0.1,tournament,10001,100
0.5,cycle_co,False,1000,0.1,rank,8840,100
0.5,cycle_co,False,1000,0.3,tournament,7668,100
0.5,cycle_co,False,1000,0.3,rank,7591,100
0.5,cycle_co,False,1000,0.5,tournament,13144,100
0.5,cycle_co,False,1000,0.5,rank,11570,100
0.5,cycle_co,False,1000,0.7,tournament,17152,100
0.5,cycle_co,False,1000,0.7,rank,14056,100
0.5,cycle_co,False,1000,0.9,tournament,20117,100
0.5,cycle_co,False,1000,0.9,rank,17258,100
0.5,pmx_co,True,100,0.1,tournament,14616,100
0.5,pmx_co,True,100,0.1,rank,13679,100
0.5,pmx_co,True,100,0.3,tournament,12523,100
0.5,pmx_co,True,100,0.3,rank,12074,100
0.5,pmx_co,True,100,0.5,tournament,11963,100
0.5,pmx_co,True,100,0.5,rank,11963,100
0.5,pmx_co,True,100,0.7,tournament,11963,100
0.5,pmx_co,True,100,0.7,rank,11963,100
0.5,pmx_co,True,100,0.9,tournament,11963,100
0.5,pmx_co,True,100,0.9,rank,11963,100
0.5,pmx_co,True,400,0.1,tournament,11044,100
0.5,pmx_co,True,400,0.1,rank,10317,100
0.5,pmx_co,True,400,0.3,tournament,9433,100
0.5,pmx_co,True,400,0.3,rank,9076,100
0.5,pmx_co,True,400,0.5,tournament,9076,100
0.5,pmx_co,True,400,0.5,rank,9076,100
0.5,pmx_co,True,400,0.7,tournament,9076,100
0.5,pmx_co,True,400,0.7,rank,9076,100
0.5,pmx_co,True,400,0.9,tournament,9076,100
0.5,pmx_co,True,400,0.9,rank,9076,100
0.5,pmx_co,True,700,0.1,tournament,9076,100
0.5,pmx_co,True,700,0.1,rank,8611,100
0.5,pmx_co,True,700,0.3,tournament,8048,100
0.5,pmx_co,True,700,0.3,rank,7832,100
0.5,pmx_co,True,700,0.5,tournament,7806,100
0.5,pmx_co,True,700,0.5,rank,7806,100
0.5,pmx_co,True,700,0.7,tournament,7806,100
0.5,pmx_co,True,700,0.7,rank,7806,100
0.5,pmx_co,True,700,0.9,tournament,7806,100
0.5,pmx_co,True,700,0.9,rank,7806,100
0.5,pmx_co,True,1000,0.1,tournament,7806,100
0.5,pmx_co,True,1000,0.1,rank,7806,100
0.5,pmx_co,True,1000,0.3,tournament,7246,100
0.5,pmx_co,True,1000,0.3,rank,7106,100
0.5,pmx_co,True,1000,0.5,tournament,7106,100
0.5,pmx_co,True,1000,0.5,rank,7106,100
0.5,pmx_co,True,1000,0.7,tournament,7106,100
0.5,pmx_co,True,1000,0.7,rank,7106,100
0.5,pmx_co,True,1000,0.9,tournament,7106,100
0.5,pmx_co,True,1000,0.9,rank,7106,100
0.5,pmx_co,False,100,0.1,tournament,7689,100
0.5,pmx_co,False,100,0.1,rank,7506,100
0.5,pmx_co,False,100,0.3,tournament,7429,100
0.5,pmx_co,False,100,0.3,rank,7420,100
0.5,pmx_co,False,100,0.5,tournament,8856,100
0.5,pmx_co,False,100,0.5,rank,9409,100
0.5,pmx_co,False,100,0.7,tournament,14199,100
0.5,pmx_co,False,100,0.7,rank,16834,100
0.5,pmx_co,False,100,0.9,tournament,19025,100
0.5,pmx_co,False,100,0.9,rank,21804,100
0.5,pmx_co,False,400,0.1,tournament,13264,100
0.5,pmx_co,False,400,0.1,rank,11973,100
0.5,pmx_co,False,400,0.3,tournament,10565,100
0.5,pmx_co,False,400,0.3,rank,10378,100
0.5,pmx_co,False,400,0.5,tournament,14062,100
0.5,pmx_co,False,400,0.5,rank,14392,100
0.5,pmx_co,False,400,0.7,tournament,17560,100
0.5,pmx_co,False,400,0.7,rank,20957,100
0.5,pmx_co,False,400,0.9,tournament,20859,100
0.5,pmx_co,False,400,0.9,rank,24868,100
0.5,pmx_co,False,700,0.1,tournament,11818,100
0.5,pmx_co,False,700,0.1,rank,10395,100
0.5,pmx_co,False,700,0.3,tournament,9027,100
0.5,pmx_co,False,700,0.3,rank,8884,100
0.5,pmx_co,False,700,0.5,tournament,13481,100
0.5,pmx_co,False,700,0.5,rank,13746,100
0.5,pmx_co,False,700,0.7,tournament,18234,100
0.5,pmx_co,False,700,0.7,rank,21585,100
0.5,pmx_co,False,700,0.9,tournament,21074,100
0.5,pmx_co,False,700,0.9,rank,24469,100
0.5,pmx_co,False,1000,0.1,tournament,11969,100
0.5,pmx_co,False,1000,0.1,rank,10049,100
0.5,pmx_co,False,1000,0.3,tournament,8909,100
0.5,pmx_co,False,1000,0.3,rank,8836,100
0.5,pmx_co,False,1000,0.5,tournament,13311,100
0.5,pmx_co,False,1000,0.5,rank,13149,100
0.5,pmx_co,False,1000,0.7,tournament,18718,100
0.5,pmx_co,False,1000,0.7,rank,20029,100
0.5,pmx_co,False,1000,0.9,tournament,20349,100
0.5,pmx_co,False,1000,0.9,rank,23501,100
0.7,cycle_co,True,100,0.1,tournament,18640,100
0.7,cycle_co,True,100,0.1,rank,16550,100
0.7,cycle_co,True,100,0.3,tournament,14545,100
0.7,cycle_co,True,100,0.3,rank,13801,100
0.7,cycle_co,True,100,0.5,tournament,12733,100
0.7,cycle_co,True,100,0.5,rank,12226,100
0.7,cycle_co,True,100,0.7,tournament,12226,100
0.7,cycle_co,True,100,0.7,rank,12226,100
0.7,cycle_co,True,100,0.9,tournament,12226,100
0.7,cycle_co,True,100,0.9,rank,12226,100
0.7,cycle_co,True,400,0.1,tournament,11083,100
0.7,cycle_co,True,400,0.1,rank,10349,100
0.7,cycle_co,True,400,0.3,tournament,9460,100
0.7,cycle_co,True,400,0.3,rank,8980,100
0.7,cycle_co,True,400,0.5,tournament,8459,100
0.7,cycle_co,True,400,0.5,rank,8305,100
0.7,cycle_co,True,400,0.7,tournament,8283,100
0.7,cycle_co,True,400,0.7,rank,8283,100
0.7,cycle_co,True,400,0.9,tournament,8283,100
0.7,cycle_co,True,400,0.9,rank,8283,100
0.7,cycle_co,True,700,0.1,tournament,8283,100
0.7,cycle_co,True,700,0.1,rank,8283,100
0.7,cycle_co,True,700,0.3,tournament,7921,100
0.7,cycle_co,True,700,0.3,rank,7608,100
0.7,cycle_co,True,700,0.5,tournament,7156,100
0.7,cycle_co,True,700,0.5,rank,7119,100
0.7,cycle_co,True,700,0.7,tournament,7107,100
0.7,cycle_co,True,700,0.7,rank,7107,100
0.7,cycle_co,True,700,0.9,tournament,7107,100
0.7,cycle_co,True,700,0.9,rank,7107,100
0.7,cycle_co,True,1000,0.1,tournament,7107,100
0.7,cycle_co,True,1000,0.1,rank,7107,100
0.7,cycle_co,True,1000,0.3,tournament,6938,100
0.7,cycle_co,True,1000,0.3,rank,6849,100
0.7,cycle_co,True,1000,0.5,tournament,6575,100
0.7,cycle_co,True,1000,0.5,rank,6569,100
0.7,cycle_co,True,1000,0.7,tournament,6568,100
0.7,cycle_co,True,1000,0.7,rank,6568,100
0.7,cycle_co,True,1000,0.9,tournament,6568,100
0.7,cycle_co,True,1000,0.9,rank,6568,100
0.7,cycle_co,False,100,0.1,tournament,7639,100
0.7,cycle_co,False,100,0.1,rank,7598,100
0.7,cycle_co,False,100,0.3,tournament,7494,100
0.7,cycle_co,False,100,0.3,rank,7285,100
0.7,cycle_co,False,100,0.5,tournament,7180,100
0.7,cycle_co,False,100,0.5,rank,7201,100
0.7,cycle_co,False,100,0.7,tournament,7513,100
0.7,cycle_co,False,100,0.7,rank,8195,100
0.7,cycle_co,False,100,0.9,tournament,9064,100
0.7,cycle_co,False,100,0.9,rank,10222,100
0.7,cycle_co,False,400,0.1,tournament,8240,100
0.7,cycle_co,False,400,0.1,rank,7937,100
0.7,cycle_co,False,400,0.3,tournament,7269,100
0.7,cycle_co,False,400,0.3,rank,7096,100
0.7,cycle_co,False,400,0.5,tournament,6821,100
0.7,cycle_co,False,400,0.5,rank,6965,100
0.7,cycle_co,False,400,0.7,tournament,7534,100
0.7,cycle_co,False,400,0.7,rank,8344,100
0.7,cycle_co,False,400,0.9,tournament,11353,100
0.7,cycle_co,False,400,0.9,rank,12089,100
0.7,cycle_co,False,700,0.1,tournament,8549,100
0.7,cycle_co,False,700,0.1,rank,7943,100
0.7,cycle_co,False,700,0.3,tournament,7167,100
0.7,cycle_co,False,700,0.3,rank,6995,100
0.7,cycle_co,False,700,0.5,tournament,6650,100
0.7,cycle_co,False,700,0.5,rank,7029,100
0.7,cycle_co,False,700,0.7,tournament,8056,100
0.7,cycle_co,False,700,0.7,rank,9202,100
0.7,cycle_co,False,700,0.9,tournament,12747,100
0.7,cycle_co,False,700,0.9,rank,12780,100
0.7,cycle_co,False,1000,0.1,tournament,8681,100
0.7,cycle_co,False,1000,0.1,rank,8112,100
0.7,cycle_co,False,1000,0.3,tournament,7140,100
0.7,cycle_co,False,1000,0.3,rank,6965,100
0.7,cycle_co,False,1000,0.5,tournament,6660,100
0.7,cycle_co,False,1000,0.5,rank,6743,100
0.7,cycle_co,False,1000,0.7,tournament,7904,100
0.7,cycle_co,False,1000,0.7,rank,9059,100
0.7,cycle_co,False,1000,0.9,tournament,13320,100
0.7,cycle_co,False,1000,0.9,rank,13237,100
0.7,pmx_co,True,100,0.1,tournament,11053,100
0.7,pmx_co,True,100,0.1,rank,10641,100
0.7,pmx_co,True,100,0.3,tournament,9650,100
0.7,pmx_co,True,100,0.3,rank,9335,100
0.7,pmx_co,True,100,0.5,tournament,8895,100
0.7,pmx_co,True,100,0.5,rank,8779,100
0.7,pmx_co,True,100,0.7,tournament,8633,100
0.7,pmx_co,True,100,0.7,rank,8633,100
0.7,pmx_co,True,100,0.9,tournament,8633,100
0.7,pmx_co,True,100,0.9,rank,8633,100
0.7,pmx_co,True,400,0.1,tournament,8246,100
0.7,pmx_co,True,400,0.1,rank,7957,100
0.7,pmx_co,True,400,0.3,tournament,7498,100
0.7,pmx_co,True,400,0.3,rank,7256,100
0.7,pmx_co,True,400,0.5,tournament,6886,100
0.7,pmx_co,True,400,0.5,rank,6861,100
0.7,pmx_co,True,400,0.7,tournament,6853,100
0.7,pmx_co,True,400,0.7,rank,6853,100
0.7,pmx_co,True,400,0.9,tournament,6853,100
0.7,pmx_co,True,400,0.9,rank,6853,100
0.7,pmx_co,True,700,0.1,tournament,6853,100
0.7,pmx_co,True,700,0.1,rank,6853,100
0.7,pmx_co,True,700,0.3,tournament,6853,100
0.7,pmx_co,True,700,0.3,rank,6658,100
0.7,pmx_co,True,700,0.5,tournament,6324,100
0.7,pmx_co,True,700,0.5,rank,6295,100
0.7,pmx_co,True,700,0.7,tournament,6295,100
0.7,pmx_co,True,700,0.7,rank,6295,100
0.7,pmx_co,True,700,0.9,tournament,6295,100
0.7,pmx_co,True,700,0.9,rank,6295,100
0.7,pmx_co,True,1000,0.1,tournament,6295,100
0.7,pmx_co,True,1000,0.1,rank,6295,100
0.7,pmx_co,True,1000,0.3,tournament,6160,100
0.7,pmx_co,True,1000,0.3,rank,6103,100
0.7,pmx_co,True,1000,0.5,tournament,6011,100
0.7,pmx_co,True,1000,0.5,rank,6011,100
0.7,pmx_co,True,1000,0.7,tournament,5985,100
0.7,pmx_co,True,1000,0.7,rank,5985,100
0.7,pmx_co,True,1000,0.9,tournament,5985,100
0.7,pmx_co,True,1000,0.9,rank,5985,100
0.7,pmx_co,False,100,0.1,tournament,6630,100
0.7,pmx_co,False,100,0.1,rank,6352,100
0.7,pmx_co,False,100,0.3,tournament,6245,100
0.7,pmx_co,False,100,0.3,rank,6245,100
0.7,pmx_co,False,100,0.5,tournament,6217,100
0.7,pmx_co,False,100,0.5,rank,6249,100
0.7,pmx_co,False,100,0.7,tournament,6435,100
0.7,pmx_co,False,100,0.7,rank,8445,100
0.7,pmx_co,False,100,0.9,tournament,9412,100
0.7,pmx_co,False,100,0.9,rank,14125,100
0.7,pmx_co,False,400,0.1,tournament,10029,100
0.7,pmx_co,False,400,0.1,rank,9315,100
0.7,pmx_co,False,400,0.3,tournament,7922,100
0.7,pmx_co,False,400,0.3,rank,7711,100
0.7,pmx_co,False,400,0.5,tournament,7126,100
0.7,pmx_co,False,400,0.5,rank,7432,100
0.7,pmx_co,False,400,0.7,tournament,7770,100
0.7,pmx_co,False,400,0.7,rank,10732,100
0.7,pmx_co,False,400,0.9,tournament,13264,100
0.7,pmx_co,False,400,0.9,rank,23074,100
0.7,pmx_co,False,700,0.1,tournament,12212,100
0.7,pmx_co,False,700,0.1,rank,10768,100
0.7,pmx_co,False,700,0.3,tournament,9119,100
0.7,pmx_co,False,700,0.3,rank,8910,100
0.7,pmx_co,False,700,0.5,tournament,8245,100
0.7,pmx_co,False,700,0.5,rank,8753,100
0.7,pmx_co,False,700,0.7,tournament,9589,100
0.7,pmx_co,False,700,0.7,rank,14147,100
0.7,pmx_co,False,700,0.9,tournament,14095,100
0.7,pmx_co,False,700,0.9,rank,22866,100
0.7,pmx_co,False,1000,0.1,tournament,10022,100
0.7,pmx_co,False,1000,0.1,rank,9144,100
0.7,pmx_co,False,1000,0.3,tournament,7897,100
0.7,pmx_co,False,1000,0.3,rank,7688,100
0.7,pmx_co,False,1000,0.5,tournament,7166,100
0.7,pmx_co,False,1000,0.5,rank,7756,100
0.7,pmx_co,False,1000,0.7,tournament,9372,100
0.7,pmx_co,False,1000,0.7,rank,13836,100
0.7,pmx_co,False,1000,0.9,tournament,13907,100
0.7,pmx_co,False,1000,0.9,rank,21890,100
0.9,cycle_co,True,100,0.1,tournament,16447,100
0.9,cycle_co,True,100,0.1,rank,15251,100
0.9,cycle_co,True,100,0.3,tournament,13032,100
0.9,cycle_co,True,100,0.3,rank,12360,100
0.9,cycle_co,True,100,0.5,tournament,11119,100
0.9,cycle_co,True,100,0.5,rank,10786,100
0.9,cycle_co,True,100,0.7,tournament,10015,100
0.9,cycle_co,True,100,0.7,rank,9923,100
0.9,cycle_co,True,100,0.9,tournament,9607,100
0.9,cycle_co,True,100,0.9,rank,9598,100
0.9,cycle_co,True,400,0.1,tournament,9154,100
0.9,cycle_co,True,400,0.1,rank,8905,100
0.9,cycle_co,True,400,0.3,tournament,8500,100
0.9,cycle_co,True,400,0.3,rank,8337,100
0.9,cycle_co,True,400,0.5,tournament,7768,100
0.9,cycle_co,True,400,0.5,rank,7696,100
0.9,cycle_co,True,400,0.7,tournament,7326,100
0.9,cycle_co,True,400,0.7,rank,7314,100
0.9,cycle_co,True,400,0.9,tournament,7200,100
0.9,cycle_co,True,400,0.9,rank,7200,100
0.9,cycle_co,True,700,0.1,tournament,7200,100
0.9,cycle_co,True,700,0.1,rank,7200,100
0.9,cycle_co,True,700,0.3,tournament,7200,100
0.9,cycle_co,True,700,0.3,rank,7200,100
0.9,cycle_co,True,700,0.5,tournament,7134,100
0.9,cycle_co,True,700,0.5,rank,7094,100
0.9,cycle_co,True,700,0.7,tournament,6886,100
0.9,cycle_co,True,700,0.7,rank,6883,100
0.9,cycle_co,True,700,0.9,tournament,6841,100
0.9,cycle_co,True,700,0.9,rank,6841,100
0.9,cycle_co,True,1000,0.1,tournament,6841,100
0.9,cycle_co,True,1000,0.1,rank,6841,100
0.9,cycle_co,True,1000,0.3,tournament,6725,100
0.9,cycle_co,True,1000,0.3,rank,6585,100
0.9,cycle_co,True,1000,0.5,tournament,6367,100
0.9,cycle_co,True,1000,0.5,rank,6346,100
0.9,cycle_co,True,1000,0.7,tournament,6275,100
0.9,cycle_co,True,1000,0.7,rank,6252,100
0.9,cycle_co,True,1000,0.9,tournament,6134,100
0.9,cycle_co,True,1000,0.9,rank,6134,100
0.9,cycle_co,False,100,0.1,tournament,6324,100
0.9,cycle_co,False,100,0.1,rank,6324,100
0.9,cycle_co,False,100,0.3,tournament,6262,100
0.9,cycle_co,False,100,0.3,rank,6259,100
0.9,cycle_co,False,100,0.5,tournament,6184,100
0.9,cycle_co,False,100,0.5,rank,6188,100
0.9,cycle_co,False,100,0.7,tournament,6142,100
0.9,cycle_co,False,100,0.7,rank,6388,100
0.9,cycle_co,False,100,0.9,tournament,6354,100
0.9,cycle_co,False,100,0.9,rank,6854,100
0.9,cycle_co,False,400,0.1,tournament,6340,100
0.9,cycle_co,False,400,0.1,rank,6278,100
0.9,cycle_co,False,400,0.3,tournament,6166,100
0.9,cycle_co,False,400,0.3,rank,6146,100
0.9,cycle_co,False,400,0.5,tournament,6021,100
0.9,cycle_co,False,400,0.5,rank,6089,100
0.9,cycle_co,False,400,0.7,tournament,5970,100
0.9,cycle_co,False,400,0.7,rank,6337,100
0.9,cycle_co,False,400,0.9,tournament,6553,100
0.9,cycle_co,False,400,0.9,rank,7525,100
0.9,cycle_co,False,700,0.1,tournament,6472,100
0.9,cycle_co,False,700,0.1,rank,6330,100
0.9,cycle_co,False,700,0.3,tournament,6021,100
0.9,cycle_co,False,700,0.3,rank,5975,100
0.9,cycle_co,False,700,0.5,tournament,5728,100
0.9,cycle_co,False,700,0.5,rank,5805,100
0.9,cycle_co,False,700,0.7,tournament,5557,100
0.9,cycle_co,False,700,0.7,rank,6263,100
0.9,cycle_co,False,700,0.9,tournament,5953,100
0.9,cycle_co,False,700,0.9,rank,7685,100
0.9,cycle_co,False,1000,0.1,tournament,5941,100
0.9,cycle_co,False,1000,0.1,rank,5810,100
0.9,cycle_co,False,1000,0.3,tournament,5492,100
0.9,cycle_co,False,1000,0.3,rank,5399,100
0.9,cycle_co,False,1000,0.5,tournament,5327,100
0.9,cycle_co,False,1000,0.5,rank,5353,100
0.9,cycle_co,False,1000,0.7,tournament,5314,100
0.9,cycle_co,False,1000,0.7,rank,5718,100
0.9,cycle_co,False,1000,0.9,tournament,6045,100
0.9,cycle_co,False,1000,0.9,rank,7416,100
0.9,pmx_co,True,100,0.1,tournament,6849,100
0.9,pmx_co,True,100,0.1,rank,6765,100
0.9,pmx_co,True,100,0.3,tournament,6586,100
0.9,pmx_co,True,100,0.3,rank,6368,100
0.9,pmx_co,True,100,0.5,tournament,6169,100
0.9,pmx_co,True,100,0.5,rank,6086,100
0.9,pmx_co,True,100,0.7,tournament,5919,100
0.9,pmx_co,True,100,0.7,rank,5919,100
0.9,pmx_co,True,100,0.9,tournament,5810,100
0.9,pmx_co,True,100,0.9,rank,5796,100
0.9,pmx_co,True,400,0.1,tournament,5689,100
0.9,pmx_co,True,400,0.1,rank,5633,100
0.9,pmx_co,True,400,0.3,tournament,5483,100
0.9,pmx_co,True,400,0.3,rank,5405,100
0.9,pmx_co,True,400,0.5,tournament,5272,100
0.9,pmx_co,True,400,0.5,rank,5251,100
0.9,pmx_co,True,400,0.7,tournament,5048,100
0.9,pmx_co,True,400,0.7,rank,5031,100
0.9,pmx_co,True,400,0.9,tournament,4978,100
0.9,pmx_co,True,400,0.9,rank,4978,100
0.9,pmx_co,True,700,0.1,tournament,4978,100
0.9,pmx_co,True,700,0.1,rank,4978,100
0.9,pmx_co,True,700,0.3,tournament,4865,100
0.9,pmx_co,True,700,0.3,rank,4809,100
0.9,pmx_co,True,700,0.5,tournament,4745,100
0.9,pmx_co,True,700,0.5,rank,4739,100
0.9,pmx_co,True,700,0.7,tournament,4722,100
0.9,pmx_co,True,700,0.7,rank,4722,100
0.9,pmx_co,True,700,0.9,tournament,4722,100
0.9,pmx_co,True,700,0.9,rank,4722,100
0.9,pmx_co,True,1000,0.1,tournament,4721,100
0.9,pmx_co,True,1000,0.1,rank,4713,100
0.9,pmx_co,True,1000,0.3,tournament,4713,100
0.9,pmx_co,True,1000,0.3,rank,4707,100
0.9,pmx_co,True,1000,0.5,tournament,4706,100
0.9,pmx_co,True,1000,0.5,rank,4706,100
0.9,pmx_co,True,1000,0.7,tournament,4705,100
0.9,pmx_co,True,1000,0.7,rank,4705,100
0.9,pmx_co,True,1000,0.9,tournament,4705,100
0.9,pmx_co,True,1000,0.9,rank,4705,100
0.9,pmx_co,False,100,0.1,tournament,4705,100
0.9,pmx_co,False,100,0.1,rank,4705,100
0.9,pmx_co,False,100,0.3,tournament,4705,100
0.9,pmx_co,False,100,0.3,rank,4705,100
0.9,pmx_co,False,100,0.5,tournament,4705,100
0.9,pmx_co,False,100,0.5,rank,4705,100
0.9,pmx_co,False,100,0.7,tournament,4705,100
0.9,pmx_co,False,100,0.7,rank,5070,100
0.9,pmx_co,False,100,0.9,tournament,5337,100
0.9,pmx_co,False,100,0.9,rank,6940,100
0.9,pmx_co,False,400,0.1,tournament,5765,100
0.9,pmx_co,False,400,0.1,rank,5683,100
0.9,pmx_co,False,400,0.3,tournament,5289,100
0.9,pmx_co,False,400,0.3,rank,5149,100
0.9,pmx_co,False,400,0.5,tournament,4934,100
0.9,pmx_co,False,400,0.5,rank,4964,100
0.9,pmx_co,False,400,0.7,tournament,4863,100
0.9,pmx_co,False,400,0.7,rank,5635,100
0.9,pmx_co,False,400,0.9,tournament,6088,100
0.9,pmx_co,False,400,0.9,rank,16404,100
0.9,pmx_co,False,700,0.1,tournament,9245,100
0.9,pmx_co,False,700,0.1,rank,8141,100
0.9,pmx_co,False,700,0.3,tournament,6956,100
0.9,pmx_co,False,700,0.3,rank,6633,100
0.9,pmx_co,False,700,0.5,tournament,5618,100
0.9,pmx_co,False,700,0.5,rank,5674,100
0.9,pmx_co,False,700,0.7,tournament,5216,100
0.9,pmx_co,False,700,0.7,rank,6303,100
0.9,pmx_co,False,700,0.9,tournament,6391,100
0.9,pmx_co,False,700,0.9,rank,21783,100
0.9,pmx_co,False,1000,0.1,tournament,9769,100
0.9,pmx_co,False,1000,0.1,rank,8696,100
0.9,pmx_co,False,1000,0.3,tournament,7303,100
0.9,pmx_co,False,1000,0.3,rank,7119,100
0.9,pmx_co,False,1000,0.5,tournament,6581,100
0.9,pmx_co,False,1000,0.5,rank,6703,100
0.9,pmx_co,False,1000,0.7,tournament,6364,100
0.9,pmx_co,False,1000,0.7,rank,14002,100
0.9,pmx_co,False,1000,0.9,tournament,7960,100
0.9,pmx_co,False,1000,0.9,rank,21790,100
